<?xml version="1.0"?>
<doc>
    <assembly>
        <name>Presentation</name>
    </assembly>
    <members>
        <member name="T:Presentation.Controllers.ApiController">
            <summary>
            Represents the base API controller.
            </summary>
        </member>
        <member name="P:Presentation.Controllers.ApiController.Sender">
            <summary>
            Gets the sender.
            </summary>
        </member>
        <member name="T:Presentation.Controllers.WebinarsController">
            <summary>
            Represents the webinars controller.
            </summary>
        </member>
        <member name="M:Presentation.Controllers.WebinarsController.GetWebinar(System.Guid,System.Threading.CancellationToken)">
            <summary>
            Gets the webinar with the specified identifier, if it exists.
            </summary>
            <param name="webinarId">The webinar identifier.</param>
            <param name="cancellationToken">The cancellation token.</param>
            <returns>The webinar with the specified identifier, if it exists.</returns>
        </member>
        <member name="M:Presentation.Controllers.WebinarsController.CreateWebinar(Application.Webinars.Commands.CreateWebinar.CreateWebinarRequest,System.Threading.CancellationToken)">
            <summary>
            Creates a new webinar based on the specified request.
            </summary>
            <param name="request">The create webinar request.</param>
            <param name="cancellationToken">The cancellation token.</param>
            <returns>The identifier of the newly created webinar.</returns>
        </member>
    </members>
</doc>
